{"frameRate":24,"name":"bounding_box_tester","version":"5.5","compatibleVersion":"5.5","armature":[{"type":"Armature","frameRate":24,"name":"tester","aabb":{"x":-150,"y":-50,"width":400,"height":100},"bone":[{"inheritRotation":false,"inheritScale":false,"name":"root"},{"length":20,"name":"target_a","parent":"root"},{"length":20,"name":"target_b","parent":"root","transform":{"x":100}},{"length":20,"name":"point_a","parent":"root"},{"length":20,"name":"point_b","parent":"root","transform":{"x":100}},{"length":100,"name":"line","parent":"root"}],"slot":[{"name":"line","parent":"line"},{"name":"point_b","parent":"point_b"},{"name":"point_a","parent":"point_a"},{"name":"target_b","parent":"target_b"},{"name":"target_a","parent":"target_a"}],"skin":[{"name":"","slot":[{"name":"point_b","display":[{"type":"armature","name":"point","transform":{"scX":0.4,"scY":0.4}}]},{"name":"point_a","display":[{"type":"armature","name":"point","transform":{"scX":0.6,"scY":0.6}}]},{"name":"target_b","display":[{"type":"armature","name":"target","transform":{"scX":0.4,"scY":0.4}}]},{"name":"line","display":[{"name":"line","transform":{"x":50,"scX":0.25}}]},{"name":"target_a","display":[{"type":"armature","name":"target","transform":{"scX":0.6,"scY":0.6}}]}]}],"animation":[{"duration":0,"playTimes":0,"name":"1","slot":[{"name":"line","colorFrame":[{"duration":0,"value":{"rM":0,"bM":0}}]}]},{"duration":0,"playTimes":0,"name":"0","slot":[{"name":"line","colorFrame":[{"duration":0,"value":{"gM":0,"bM":0}}]}]}],"defaultActions":[{"gotoAndPlay":"1"}]},{"type":"Armature","frameRate":24,"name":"target","aabb":{"x":-50,"y":-50,"width":100,"height":100},"bone":[{"name":"root"}],"slot":[{"name":"a","parent":"root","color":{"aM":20}},{"name":"b","parent":"root","color":{"aM":80}}],"skin":[{"name":"","slot":[{"name":"b","display":[{"name":"circle","transform":{"scX":0.1,"scY":0.1}}]},{"name":"a","display":[{"name":"circle"}]}]}],"animation":[{"duration":0,"playTimes":0,"name":"1","slot":[{"name":"a","colorFrame":[{"duration":0,"value":{"aM":20,"rM":0,"bM":0}}]},{"name":"b","colorFrame":[{"duration":0,"value":{"aM":80,"rM":0,"bM":0}}]}]},{"duration":0,"playTimes":0,"name":"0","slot":[{"name":"a","colorFrame":[{"duration":0,"value":{"aM":20,"gM":0,"bM":0}}]},{"name":"b","colorFrame":[{"duration":0,"value":{"aM":80,"gM":0,"bM":0}}]}]}],"defaultActions":[{"gotoAndPlay":"1"}]},{"type":"Armature","frameRate":24,"name":"point","aabb":{"x":-175,"y":-50,"width":400,"height":100},"bone":[{"name":"root"}],"slot":[{"name":"circle","parent":"root","color":{"aM":80,"rM":0,"bM":0}},{"name":"line","parent":"root","color":{"rM":0,"bM":0}}],"skin":[{"name":"","slot":[{"name":"circle","display":[{"name":"circle","transform":{"scX":0.1,"scY":0.1}}]},{"name":"line","display":[{"name":"line","transform":{"x":25,"scX":0.125}}]}]}],"animation":[{"duration":0,"playTimes":0,"name":"newAnimation"}],"defaultActions":[{"gotoAndPlay":"newAnimation"}]}]}