{"width":1024,"imagePath":"mecha_1002_101d_show_tex.png","height":512,"name":"mecha_1002_101d_show","SubTexture":[{"width":125,"y":342,"height":56,"name":"mecha_1002_101d_folder/forearm_r","x":557},{"width":124,"y":273,"height":67,"name":"mecha_1002_101d_folder/upperarm_r","x":557},{"frameY":0,"y":297,"frameWidth":57,"frameX":0,"frameHeight":42,"width":57,"height":41,"name":"mecha_1002_101d_folder/hand_r","x":683},{"width":79,"y":1,"height":129,"name":"mecha_1002_101d_folder/foot_r","x":477},{"width":169,"y":1,"height":107,"name":"mecha_1002_101d_folder/calf_r","x":306},{"frameY":0,"y":1,"frameWidth":48,"frameX":0,"frameHeight":51,"width":47,"height":51,"name":"mecha_1002_101d_folder/thigh_1_r","x":650},{"frameY":-16,"y":191,"frameWidth":145,"frameX":-8,"frameHeight":116,"width":128,"height":89,"name":"mecha_1002_101d_folder/thigh_r","x":425},{"frameY":-2,"y":1,"frameWidth":303,"frameX":0,"frameHeight":303,"width":303,"height":301,"name":"mecha_1002_101d_folder/chest","x":1},{"frameY":0,"y":182,"frameWidth":92,"frameX":0,"frameHeight":113,"width":80,"height":113,"name":"mecha_1002_101d_folder/pelvis","x":690},{"frameY":0,"y":69,"frameWidth":34,"frameX":-1,"frameHeight":31,"width":33,"height":31,"name":"mecha_1002_101d_folder/head","x":610},{"width":90,"y":1,"height":66,"name":"mecha_1002_101d_folder/foot_l","x":558},{"frameY":0,"y":110,"frameWidth":166,"frameX":0,"frameHeight":79,"width":165,"height":79,"name":"mecha_1002_101d_folder/calf_l","x":306},{"width":50,"y":69,"height":36,"name":"mecha_1002_101d_folder/thigh_1_l","x":558},{"frameY":-11,"y":191,"frameWidth":148,"frameX":-6,"frameHeight":103,"width":133,"height":80,"name":"mecha_1002_101d_folder/thigh_l","x":555},{"width":141,"y":110,"height":70,"name":"mecha_1002_101d_folder/upperarm_l","x":558},{"width":117,"y":191,"height":106,"name":"mecha_1002_101d_folder/forearm_l","x":306},{"width":64,"y":132,"height":57,"name":"mecha_1002_101d_folder/hand_l","x":473},{"frameY":0,"y":442,"frameWidth":208,"frameX":0,"frameHeight":74,"width":208,"height":69,"name":"mecha_1002_101d_folder/weapon_hand_l","x":1},{"frameY":0,"y":304,"frameWidth":554,"frameX":0,"frameHeight":140,"width":554,"height":136,"name":"mecha_1002_101d_folder/textures/weapon_hand_r_4","x":1}]}