{"frameRate":25,"armature":[{"animation":[{"ffd":[],"frame":[],"bone":[{"rotateFrame":[{"duration":40,"tweenEasing":0},{"duration":40,"tweenEasing":0,"rotate":-0.7521},{"duration":0}],"scaleFrame":[{"duration":40,"tweenEasing":0},{"duration":40,"tweenEasing":0},{"duration":0}],"translateFrame":[{"duration":40,"tweenEasing":0},{"y":-5.9,"duration":40,"tweenEasing":0,"x":-0.05},{"duration":0}],"name":"root"},{"rotateFrame":[{"duration":32,"tweenEasing":0},{"duration":8,"tweenEasing":0,"rotate":-1.5051},{"duration":7,"tweenEasing":0,"rotate":-1.7565},{"duration":33,"tweenEasing":0,"rotate":-2.0059},{"duration":0}],"scaleFrame":[{"duration":32,"tweenEasing":0},{"duration":8,"tweenEasing":0,"x":0.9998},{"duration":7,"tweenEasing":0,"x":0.9998},{"duration":33,"tweenEasing":0,"x":0.9998},{"duration":0}],"translateFrame":[{"duration":32,"tweenEasing":0},{"y":-1.8,"duration":8,"tweenEasing":0,"x":0.77},{"y":-2.16,"duration":7,"tweenEasing":0,"x":0.93},{"y":-2.41,"duration":33,"tweenEasing":0,"x":0.98},{"duration":0}],"name":"weapon_hand_r"},{"rotateFrame":[{"duration":32,"tweenEasing":0},{"duration":8,"tweenEasing":0,"rotate":2.5044},{"duration":7,"tweenEasing":0,"rotate":2.7578},{"duration":33,"tweenEasing":0,"rotate":2.756},{"duration":0}],"scaleFrame":[{"duration":32,"tweenEasing":0},{"duration":8,"tweenEasing":0},{"duration":7,"tweenEasing":0,"x":0.9998},{"duration":33,"tweenEasing":0},{"duration":0}],"translateFrame":[{"duration":32,"tweenEasing":0},{"y":0.09,"duration":8,"tweenEasing":0,"x":-0.05},{"y":-0.02,"duration":7,"tweenEasing":0,"x":0.02},{"y":0.04,"duration":33,"tweenEasing":0},{"duration":0}],"name":"forearm_r"},{"rotateFrame":[{"duration":32,"tweenEasing":0},{"duration":8,"tweenEasing":0,"rotate":-0.2537},{"duration":7,"tweenEasing":0,"rotate":-0.0071},{"duration":33,"tweenEasing":0,"rotate":-0.253},{"duration":0}],"scaleFrame":[{"duration":32,"tweenEasing":0},{"duration":8,"tweenEasing":0},{"duration":7,"tweenEasing":0},{"duration":33,"tweenEasing":0},{"duration":0}],"translateFrame":[{"duration":32,"tweenEasing":0},{"y":1.42,"duration":8,"tweenEasing":0,"x":0.64},{"y":1.76,"duration":7,"tweenEasing":0,"x":1.3},{"y":1.67,"duration":33,"tweenEasing":0,"x":1.21},{"duration":0}],"name":"upperarm_r"},{"rotateFrame":[{"duration":32,"tweenEasing":0},{"duration":8,"tweenEasing":0,"rotate":1.5067},{"duration":7,"tweenEasing":0,"rotate":1.7583},{"duration":33,"tweenEasing":0,"rotate":2.0046},{"duration":0}],"scaleFrame":[{"duration":32,"tweenEasing":0},{"y":0.9998,"duration":8,"tweenEasing":0},{"y":0.9997,"duration":7,"tweenEasing":0},{"y":0.9998,"duration":33,"tweenEasing":0},{"duration":0}],"translateFrame":[{"duration":32,"tweenEasing":0},{"y":-0.03,"duration":8,"tweenEasing":0,"x":0.14},{"duration":7,"tweenEasing":0,"x":0.17},{"y":0.04,"duration":33,"tweenEasing":0,"x":0.15},{"duration":0}],"name":"hand_r"},{"rotateFrame":[{"duration":32,"tweenEasing":0},{"duration":8,"tweenEasing":0,"rotate":0.5014},{"duration":7,"tweenEasing":0,"rotate":0.5017},{"duration":33,"tweenEasing":0,"rotate":0.5008},{"duration":0}],"scaleFrame":[{"duration":32,"tweenEasing":0},{"duration":8,"tweenEasing":0},{"duration":7,"tweenEasing":0},{"duration":33,"tweenEasing":0},{"duration":0}],"translateFrame":[{"duration":32,"tweenEasing":0},{"y":-0.15,"duration":8,"tweenEasing":0,"x":0.09},{"y":-0.2,"duration":7,"tweenEasing":0,"x":0.04},{"y":-0.15,"duration":33,"tweenEasing":0,"x":0.04},{"duration":0}],"name":"foot_r"},{"rotateFrame":[{"duration":32,"tweenEasing":0},{"duration":8,"tweenEasing":0,"rotate":-4.7668},{"duration":7,"tweenEasing":0,"rotate":-5.0175},{"duration":33,"tweenEasing":0,"rotate":-4.765},{"duration":0}],"scaleFrame":[{"duration":32,"tweenEasing":0},{"duration":8,"tweenEasing":0},{"duration":7,"tweenEasing":0},{"duration":33,"tweenEasing":0},{"duration":0}],"translateFrame":[{"duration":32,"tweenEasing":0},{"y":0.23,"duration":8,"tweenEasing":0,"x":1.82},{"y":0.35,"duration":7,"tweenEasing":0,"x":1.93},{"y":0.32,"duration":33,"tweenEasing":0,"x":1.82},{"duration":0}],"name":"calf_r"},{"rotateFrame":[{"duration":32,"tweenEasing":0},{"duration":8,"tweenEasing":0,"rotate":6.5271},{"duration":7,"tweenEasing":0,"rotate":7.0289},{"duration":33,"tweenEasing":0,"rotate":6.7751},{"duration":0}],"scaleFrame":[{"duration":32,"tweenEasing":0},{"y":1.0002,"duration":8,"tweenEasing":0,"x":1.0004},{"y":1.0002,"duration":7,"tweenEasing":0,"x":1.0004},{"y":1.0002,"duration":33,"tweenEasing":0,"x":1.0004},{"duration":0}],"translateFrame":[{"duration":32,"tweenEasing":0},{"y":-0.25,"duration":8,"tweenEasing":0,"x":0.37},{"y":-0.32,"duration":7,"tweenEasing":0,"x":0.36},{"y":-0.06,"duration":33,"tweenEasing":0,"x":0.4},{"duration":0}],"name":"thigh_1_r"},{"rotateFrame":[{"duration":32,"tweenEasing":0},{"duration":8,"tweenEasing":0,"rotate":-1.764},{"duration":7,"tweenEasing":0,"rotate":-1.7671},{"duration":33,"tweenEasing":0,"rotate":-2.0124},{"duration":0}],"scaleFrame":[{"duration":32,"tweenEasing":0},{"duration":8,"tweenEasing":0,"x":1.0002},{"duration":7,"tweenEasing":0},{"duration":33,"tweenEasing":0,"x":1.0002},{"duration":0}],"translateFrame":[{"duration":32,"tweenEasing":0},{"y":0.2,"duration":8,"tweenEasing":0,"x":0.19},{"y":0.02,"duration":7,"tweenEasing":0,"x":0.41},{"y":0.19,"duration":33,"tweenEasing":0,"x":0.19},{"duration":0}],"name":"thigh_r"},{"rotateFrame":[{"duration":32,"tweenEasing":0},{"duration":8,"tweenEasing":0,"rotate":-0.6966},{"duration":7,"tweenEasing":0,"rotate":-0.9949},{"duration":33,"tweenEasing":0,"rotate":-0.7028},{"duration":0}],"scaleFrame":[{"duration":32,"tweenEasing":0},{"duration":8,"tweenEasing":0},{"duration":7,"tweenEasing":0},{"duration":33,"tweenEasing":0},{"duration":0}],"translateFrame":[{"duration":32,"tweenEasing":0},{"y":-0.31,"duration":8,"tweenEasing":0,"x":0.68},{"y":-0.08,"duration":7,"tweenEasing":0,"x":-0.08},{"y":-0.32,"duration":33,"tweenEasing":0,"x":0.67},{"duration":0}],"name":"chest"},{"rotateFrame":[{"duration":40,"tweenEasing":0},{"duration":40,"tweenEasing":0,"rotate":1.0023},{"duration":0}],"scaleFrame":[{"duration":40,"tweenEasing":0},{"duration":40,"tweenEasing":0},{"duration":0}],"translateFrame":[{"duration":40,"tweenEasing":0},{"y":-0.04,"duration":40,"tweenEasing":0,"x":-0.02},{"duration":0}],"name":"pelvis"},{"rotateFrame":[{"duration":32,"tweenEasing":0},{"duration":8,"tweenEasing":0,"rotate":0.7486},{"duration":7,"tweenEasing":0,"rotate":1.2435},{"duration":33,"tweenEasing":0,"rotate":0.7486},{"duration":0}],"scaleFrame":[{"duration":32,"tweenEasing":0},{"duration":8,"tweenEasing":0},{"duration":7,"tweenEasing":0},{"duration":33,"tweenEasing":0},{"duration":0}],"translateFrame":[{"duration":32,"tweenEasing":0},{"y":-0.02,"duration":8,"tweenEasing":0,"x":-0.22},{"y":0.15,"duration":7,"tweenEasing":0,"x":-0.12},{"y":-0.03,"duration":33,"tweenEasing":0,"x":-0.22},{"duration":0}],"name":"head"},{"rotateFrame":[{"duration":32,"tweenEasing":0},{"duration":8,"tweenEasing":0,"rotate":-0.7517},{"duration":7,"tweenEasing":0,"rotate":-0.752},{"duration":33,"tweenEasing":0,"rotate":-0.7511},{"duration":0,"rotate":-0.0008}],"scaleFrame":[{"duration":32,"tweenEasing":0},{"duration":8,"tweenEasing":0},{"duration":7,"tweenEasing":0},{"duration":33,"tweenEasing":0},{"duration":0}],"translateFrame":[{"duration":32,"tweenEasing":0},{"y":-0.12,"duration":8,"tweenEasing":0,"x":-0.1},{"y":-0.07,"duration":7,"tweenEasing":0,"x":-0.11},{"y":-0.12,"duration":33,"tweenEasing":0,"x":-0.1},{"duration":0}],"name":"foot_l"},{"rotateFrame":[{"duration":32,"tweenEasing":0},{"duration":8,"tweenEasing":0,"rotate":-1.0027},{"duration":7,"tweenEasing":0,"rotate":-1.2509},{"duration":33,"tweenEasing":0,"rotate":-1.003},{"duration":0,"rotate":0.0006}],"scaleFrame":[{"duration":32,"tweenEasing":0},{"duration":8,"tweenEasing":0},{"duration":7,"tweenEasing":0},{"duration":33,"tweenEasing":0},{"duration":0}],"translateFrame":[{"duration":32,"tweenEasing":0},{"y":-0.65,"duration":8,"tweenEasing":0,"x":2.11},{"y":-0.85,"duration":7,"tweenEasing":0,"x":2.33},{"y":-0.65,"duration":33,"tweenEasing":0,"x":2.12},{"duration":0,"x":0.05}],"name":"calf_l"},{"rotateFrame":[{"duration":32,"tweenEasing":0},{"duration":8,"tweenEasing":0,"rotate":3.2569},{"duration":7,"tweenEasing":0,"rotate":3.7559},{"duration":33,"tweenEasing":0,"rotate":3.2569},{"duration":0,"rotate":-0.0016}],"scaleFrame":[{"duration":32,"tweenEasing":0},{"duration":8,"tweenEasing":0},{"duration":7,"tweenEasing":0},{"duration":33,"tweenEasing":0},{"duration":0}],"translateFrame":[{"duration":32,"tweenEasing":0},{"y":0.94,"duration":8,"tweenEasing":0,"x":3.43},{"y":1.14,"duration":7,"tweenEasing":0,"x":3.7},{"y":0.98,"duration":33,"tweenEasing":0,"x":3.48},{"duration":0}],"name":"thigh_1_l"},{"rotateFrame":[{"duration":32,"tweenEasing":0},{"duration":8,"tweenEasing":0,"rotate":-1.0045},{"duration":7,"tweenEasing":0,"rotate":-1.0072},{"duration":33,"tweenEasing":0,"rotate":-1.0047},{"duration":0,"rotate":0.0007}],"scaleFrame":[{"duration":32,"tweenEasing":0},{"duration":8,"tweenEasing":0,"x":0.9998},{"duration":7,"tweenEasing":0,"x":0.9998},{"duration":33,"tweenEasing":0,"x":0.9998},{"duration":0}],"translateFrame":[{"duration":32,"tweenEasing":0},{"y":-0.48,"duration":8,"tweenEasing":0,"x":-0.08},{"y":-0.64,"duration":7,"tweenEasing":0,"x":-0.22},{"y":-0.49,"duration":33,"tweenEasing":0,"x":-0.08},{"duration":0}],"name":"thigh_l"},{"rotateFrame":[{"duration":32,"tweenEasing":0},{"duration":8,"tweenEasing":0,"rotate":-0.2568},{"duration":7,"tweenEasing":0,"rotate":-0.2607},{"duration":33,"tweenEasing":0,"rotate":-0.5068},{"duration":0}],"scaleFrame":[{"duration":32,"tweenEasing":0},{"duration":8,"tweenEasing":0},{"duration":7,"tweenEasing":0},{"duration":33,"tweenEasing":0},{"duration":0}],"translateFrame":[{"duration":32,"tweenEasing":0},{"y":-2.4,"duration":8,"tweenEasing":0,"x":4.29},{"y":-2.47,"duration":7,"tweenEasing":0,"x":4.51},{"y":-2.91,"duration":33,"tweenEasing":0,"x":5.01},{"duration":0}],"name":"upperarm_l"},{"rotateFrame":[{"duration":32,"tweenEasing":0},{"duration":8,"tweenEasing":0,"rotate":-0.2477},{"duration":7,"tweenEasing":0,"rotate":-0.2437},{"duration":33,"tweenEasing":0,"rotate":-0.2464},{"duration":0}],"scaleFrame":[{"duration":32,"tweenEasing":0},{"duration":8,"tweenEasing":0},{"duration":7,"tweenEasing":0,"x":0.9998},{"duration":33,"tweenEasing":0,"x":0.9998},{"duration":0}],"translateFrame":[{"duration":32,"tweenEasing":0},{"y":0.04,"duration":8,"tweenEasing":0,"x":-0.12},{"y":0.17,"duration":7,"tweenEasing":0,"x":-0.17},{"y":0.16,"duration":33,"tweenEasing":0,"x":-0.13},{"duration":0}],"name":"forearm_l"},{"rotateFrame":[{"duration":32,"tweenEasing":0},{"duration":8,"tweenEasing":0,"rotate":-0.5016},{"duration":7,"tweenEasing":0,"rotate":-0.5048},{"duration":33,"tweenEasing":0,"rotate":-0.753},{"duration":0}],"scaleFrame":[{"duration":32,"tweenEasing":0},{"y":1.0002,"duration":8,"tweenEasing":0},{"y":1.0002,"duration":7,"tweenEasing":0},{"y":1.0003,"duration":33,"tweenEasing":0},{"duration":0}],"translateFrame":[{"duration":32,"tweenEasing":0},{"y":0.57,"duration":8,"tweenEasing":0,"x":0.44},{"y":0.65,"duration":7,"tweenEasing":0,"x":0.58},{"y":0.62,"duration":33,"tweenEasing":0,"x":0.76},{"duration":0}],"name":"hand_l"},{"rotateFrame":[{"duration":32,"tweenEasing":0},{"duration":8,"tweenEasing":0,"rotate":0.5012},{"duration":7,"tweenEasing":0,"rotate":0.5045},{"duration":33,"tweenEasing":0,"rotate":0.7532},{"duration":0}],"scaleFrame":[{"duration":32,"tweenEasing":0},{"duration":8,"tweenEasing":0},{"duration":7,"tweenEasing":0},{"duration":33,"tweenEasing":0},{"duration":0}],"translateFrame":[{"duration":32,"tweenEasing":0},{"y":0.94,"duration":8,"tweenEasing":0,"x":-1.76},{"y":1.07,"duration":7,"tweenEasing":0,"x":-1.91},{"y":1.2,"duration":33,"tweenEasing":0,"x":-1.89},{"duration":0}],"name":"weapon_hand_l"}],"playTimes":0,"duration":80,"slot":[{"colorFrame":[{"duration":80}],"name":"weapon_hand_r","displayFrame":[{"duration":80}]},{"colorFrame":[{"duration":80}],"name":"forearm_r","displayFrame":[{"duration":80}]},{"colorFrame":[{"duration":80}],"name":"upperarm_r","displayFrame":[{"duration":80}]},{"colorFrame":[{"duration":80}],"name":"hand_r","displayFrame":[{"duration":80}]},{"colorFrame":[{"duration":80}],"name":"foot_r","displayFrame":[{"duration":80}]},{"colorFrame":[{"duration":80}],"name":"calf_r","displayFrame":[{"duration":80}]},{"colorFrame":[{"duration":80}],"name":"thigh_1_r","displayFrame":[{"duration":80}]},{"colorFrame":[{"duration":80}],"name":"thigh_r","displayFrame":[{"duration":80}]},{"colorFrame":[{"duration":80}],"name":"chest","displayFrame":[{"duration":80}]},{"colorFrame":[{"duration":80}],"name":"pelvis","displayFrame":[{"duration":80}]},{"colorFrame":[{"duration":80}],"name":"head","displayFrame":[{"duration":80}]},{"colorFrame":[{"duration":80}],"name":"foot_l","displayFrame":[{"duration":80}]},{"colorFrame":[{"duration":80}],"name":"calf_l","displayFrame":[{"duration":80}]},{"colorFrame":[{"duration":80}],"name":"thigh_1_l","displayFrame":[{"duration":80}]},{"colorFrame":[{"duration":80}],"name":"thigh_l","displayFrame":[{"duration":80}]},{"colorFrame":[{"duration":80}],"name":"upperarm_l","displayFrame":[{"duration":80}]},{"colorFrame":[{"duration":80}],"name":"forearm_l","displayFrame":[{"duration":80}]},{"colorFrame":[{"duration":80}],"name":"hand_l","displayFrame":[{"duration":80}]},{"colorFrame":[{"duration":80}],"name":"weapon_hand_l","displayFrame":[{"duration":80}]}],"name":"idle"}],"skin":[{"name":"","slot":[{"display":[{"path":"mecha_1002_101d_folder/upperarm_l","type":"image","name":"mecha_1002_101d_folder/upperarm_l","transform":{"y":3.1,"skX":-0.3654,"skY":-0.3654,"x":-31.95}}],"name":"upperarm_l"},{"display":[{"path":"mecha_1002_101d_folder/thigh_1_r","type":"image","name":"mecha_1002_101d_folder/thigh_1_r","transform":{"y":-5.45,"skX":1.2302,"skY":1.2302,"x":12.5}}],"name":"thigh_1_r"},{"display":[{"path":"mecha_1002_101d_folder/chest","type":"image","name":"mecha_1002_101d_folder/chest","transform":{"y":67.75,"skX":-6.7942,"skY":-6.7942,"x":39.25}}],"name":"chest"},{"display":[{"path":"mecha_1002_101d_folder/head","type":"image","name":"mecha_1002_101d_folder/head","transform":{"x":17}}],"name":"head"},{"display":[{"path":"mecha_1002_101d_folder/calf_l","type":"image","name":"mecha_1002_101d_folder/calf_l","transform":{"y":12.75,"skX":2.335,"skY":2.335,"x":23.15}}],"name":"calf_l"},{"display":[{"path":"mecha_1002_101d_folder/forearm_r","type":"image","name":"mecha_1002_101d_folder/forearm_r","transform":{"y":6.8,"skX":-1.831,"skY":-1.831,"x":40.1}}],"name":"forearm_r"},{"display":[{"path":"mecha_1002_101d_folder/weapon_hand_l","type":"image","name":"mecha_1002_101d_folder/weapon_hand_l","transform":{"y":-3.5,"x":2.45}}],"name":"weapon_hand_l"},{"display":[{"path":"mecha_1002_101d_folder/hand_r","type":"image","name":"mecha_1002_101d_folder/hand_r","transform":{"y":-9.05,"skX":-105.2274,"skY":-105.2274,"x":-9.5}}],"name":"hand_r"},{"display":[{"path":"mecha_1002_101d_folder/forearm_l","type":"image","name":"mecha_1002_101d_folder/forearm_l","transform":{"y":-20.15,"skX":15.9117,"skY":15.9117,"x":39}}],"name":"forearm_l"},{"display":[{"path":"mecha_1002_101d_folder/calf_r","type":"image","name":"mecha_1002_101d_folder/calf_r","transform":{"y":-0.8,"skX":-0.0962,"skY":-0.0962,"x":15.45}}],"name":"calf_r"},{"display":[{"path":"mecha_1002_101d_folder/thigh_l","type":"image","name":"mecha_1002_101d_folder/thigh_l","transform":{"y":0.9,"skX":4.973,"skY":4.973,"x":36.75}}],"name":"thigh_l"},{"display":[{"path":"mecha_1002_101d_folder/thigh_r","type":"image","name":"mecha_1002_101d_folder/thigh_r","transform":{"y":8.45,"skX":-0.6076,"skY":-0.6076,"x":47.35}}],"name":"thigh_r"},{"display":[{"path":"mecha_1002_101d_folder/pelvis","type":"image","name":"mecha_1002_101d_folder/pelvis","transform":{"y":3.1,"skX":-13.652,"skY":-13.652,"x":7.95}}],"name":"pelvis"},{"display":[{"path":"mecha_1002_101d_folder/foot_l","type":"image","name":"mecha_1002_101d_folder/foot_l","transform":{"y":12.9,"x":15.95}}],"name":"foot_l"},{"display":[{"path":"mecha_1002_101d_folder/thigh_1_l","type":"image","name":"mecha_1002_101d_folder/thigh_1_l","transform":{"skX":-2.4478,"skY":-2.4478,"x":13.8}}],"name":"thigh_1_l"},{"display":[{"transform":{},"path":"weapon_hand_r","type":"armature","name":"weapon_hand_r","filterType":null}],"name":"weapon_hand_r"},{"display":[{"path":"mecha_1002_101d_folder/upperarm_r","type":"image","name":"mecha_1002_101d_folder/upperarm_r","transform":{"y":-6.3,"skX":2.4303,"skY":2.4303,"x":-28.55}}],"name":"upperarm_r"},{"display":[{"path":"mecha_1002_101d_folder/hand_l","type":"image","name":"mecha_1002_101d_folder/hand_l","transform":{"y":21.2,"skX":83.8516,"skY":83.8516,"x":4}}],"name":"hand_l"},{"display":[{"path":"mecha_1002_101d_folder/foot_r","type":"image","name":"mecha_1002_101d_folder/foot_r","transform":{"y":8.95,"x":13.95}}],"name":"foot_r"}]}],"type":"Armature","name":"mecha_1002_101d","aabb":{"width":657.0842262274377,"y":-441.6302530428874,"height":467.7145191856093,"x":-370.0798202963383},"slot":[{"color":{},"name":"weapon_hand_r","parent":"weapon_hand_r"},{"z":1,"color":{},"name":"forearm_r","parent":"forearm_r"},{"z":2,"color":{},"name":"upperarm_r","parent":"upperarm_r"},{"z":3,"color":{},"name":"hand_r","parent":"hand_r"},{"z":4,"color":{},"name":"foot_r","parent":"foot_r"},{"z":5,"color":{},"name":"calf_r","parent":"calf_r"},{"z":6,"color":{},"name":"thigh_1_r","parent":"thigh_1_r"},{"z":7,"color":{},"name":"thigh_r","parent":"thigh_r"},{"z":8,"color":{},"name":"chest","parent":"chest"},{"z":9,"color":{},"name":"pelvis","parent":"pelvis"},{"z":10,"color":{},"name":"head","parent":"head"},{"z":11,"color":{},"name":"foot_l","parent":"foot_l"},{"z":12,"color":{},"name":"calf_l","parent":"calf_l"},{"z":13,"color":{},"name":"thigh_1_l","parent":"thigh_1_l"},{"z":14,"color":{},"name":"thigh_l","parent":"thigh_l"},{"z":15,"color":{},"name":"upperarm_l","parent":"upperarm_l"},{"z":16,"color":{},"name":"forearm_l","parent":"forearm_l"},{"z":17,"color":{},"name":"hand_l","parent":"hand_l"},{"z":18,"color":{},"name":"weapon_hand_l","parent":"weapon_hand_l"}],"ik":[],"frameRate":25,"defaultActions":[{"gotoAndPlay":"idle"}],"bone":[{"length":116,"name":"root","transform":{"y":-233.4,"skX":89.647,"skY":89.6814,"scX":0.9989,"scY":0.9981,"x":-1.35},"inheritScale":false},{"length":23,"transform":{"y":0.05,"skX":-165.5296,"skY":-165.5271,"x":-0.01},"parent":"root","name":"pelvis","inheritScale":false},{"length":33,"transform":{"y":-0.03,"skX":-9.8623,"skY":-9.8643,"scX":0.9997,"x":23.34},"parent":"pelvis","name":"chest","inheritScale":false},{"inheritScale":false,"transform":{"y":-10.44,"skX":-5.2901,"skY":-5.2918,"x":63.49},"name":"head","parent":"chest"},{"length":55,"transform":{"y":43.84,"skX":158.4792,"skY":158.4697,"scX":0.9986,"scY":0.9993,"x":-13.68},"parent":"chest","name":"thigh_l","inheritScale":false},{"length":42,"transform":{"y":107.69,"skX":139.9899,"skY":139.9908,"scX":0.9968,"scY":0.9984,"x":91.87},"parent":"chest","name":"upperarm_l","inheritScale":false},{"length":34,"transform":{"y":-91.71,"skX":-169.9467,"skY":-169.9515,"scX":0.9981,"scY":0.9991,"x":57.34},"parent":"chest","name":"upperarm_r","inheritScale":false},{"length":60,"transform":{"y":-49.43,"skX":-150.3578,"skY":-150.3524,"scX":0.9969,"scY":0.9984,"x":-31.77},"parent":"chest","name":"thigh_r","inheritScale":false},{"length":52,"transform":{"y":0.04,"skX":-57.4543,"skY":-57.4594,"scX":0.9977,"scY":0.9988,"x":60.96},"parent":"thigh_r","name":"thigh_1_r","inheritScale":false},{"length":58,"transform":{"y":0.02,"skX":9.2754,"skY":9.2814,"scX":0.9977,"scY":0.9989,"x":34.55},"parent":"upperarm_r","name":"forearm_r","inheritScale":false},{"length":44,"transform":{"y":-0.02,"skX":19.3077,"skY":19.3051,"x":42.42},"parent":"upperarm_l","name":"forearm_l","inheritScale":false},{"length":61,"transform":{"y":-0.02,"skX":-10.6291,"skY":-10.6203,"scX":0.9972,"scY":0.9986,"x":55.37},"parent":"thigh_l","name":"thigh_1_l","inheritScale":false},{"length":38,"transform":{"y":0.03,"skX":104.4143,"skY":104.3791,"scX":0.9987,"scY":0.9977,"x":58.02},"parent":"forearm_r","name":"hand_r","inheritScale":false},{"length":25,"transform":{"skX":-48.4006,"skY":-48.4152,"scX":0.9989,"scY":0.9979,"x":44.41},"parent":"forearm_l","name":"hand_l","inheritScale":false},{"length":78,"transform":{"y":0.04,"skX":33.1257,"skY":33.1276,"scX":0.9989,"scY":0.9995,"x":52.36},"parent":"thigh_1_r","name":"calf_r","inheritScale":false},{"length":89,"transform":{"y":-0.02,"skX":6.7512,"skY":6.7462,"scX":0.998,"scY":0.999,"x":61.43},"parent":"thigh_1_l","name":"calf_l","inheritScale":false},{"inheritScale":false,"transform":{"y":-0.01,"skX":21.1127,"skY":21.1127,"x":89.4},"name":"foot_l","parent":"calf_l"},{"inheritScale":false,"transform":{"y":-0.01,"skX":62.5975,"skY":62.601,"scX":1.0845,"scY":1.0847,"x":25.81},"name":"weapon_hand_l","parent":"hand_l"},{"inheritScale":false,"transform":{"y":0.02,"skX":-109.9737,"skY":-109.9721,"scX":0.9981,"scY":0.999,"x":38.66},"name":"weapon_hand_r","parent":"hand_r"},{"inheritScale":false,"transform":{"y":0.03,"skX":-9.6077,"skY":-9.6077,"x":78.56},"name":"foot_r","parent":"calf_r"}]},{"animation":[{"ffd":[],"frame":[],"bone":[{"rotateFrame":[{"duration":0}],"scaleFrame":[{"duration":0}],"translateFrame":[{"duration":0}],"name":"图层 1"}],"duration":0,"slot":[{"colorFrame":[{"duration":0}],"name":"图层 1","displayFrame":[{"duration":0}]}],"name":"idle"}],"skin":[{"name":"","slot":[{"display":[{"path":"mecha_1002_101d_folder/textures/weapon_hand_r_4","type":"image","name":"mecha_1002_101d_folder/textures/weapon_hand_r_4","transform":{}}],"name":"图层 1"}]}],"type":"Armature","name":"weapon_hand_r","aabb":{"width":554,"y":-58,"height":140,"x":-231},"slot":[{"color":{},"name":"图层 1","parent":"图层 1"}],"ik":[],"frameRate":25,"defaultActions":[{"gotoAndPlay":"idle"}],"bone":[{"name":"图层 1","transform":{"y":12,"scX":0.8123,"scY":0.8123,"x":46},"inheritScale":false}]}],"isGlobal":0,"name":"mecha_1002_101d_show","version":"5.5"}