{"width":2048,"imagePath":"body_tex.png","height":1024,"name":"body","SubTexture":[{"frameX":-1,"y":475,"frameY":-1,"frameWidth":298,"width":294,"frameHeight":85,"height":83,"name":"logo","x":937},{"width":10,"y":933,"height":10,"name":"blank","x":1},{"width":295,"y":1,"height":472,"name":"body/a_arm_L","x":720},{"width":179,"y":1,"height":1013,"name":"body/a_leg_L","x":263},{"width":274,"y":1,"height":555,"name":"body/a_body","x":444},{"width":260,"y":1,"height":930,"name":"body/a_leg_R","x":1},{"width":215,"y":475,"height":517,"name":"body/a_arm_R","x":720},{"width":202,"y":558,"height":238,"name":"body/a_head","x":444},{"width":141,"y":798,"height":117,"name":"face/10202001","x":444}]}