{"SubTexture":[{"width":74,"y":608,"height":28,"name":"mecha_2903_folder/calf_l_m","x":1},{"width":82,"y":575,"height":28,"name":"mecha_2903_folder/textures/calf_l_f_1","x":195},{"width":76,"y":582,"height":25,"name":"mecha_2903_folder/calf_l_b","x":279},{"width":75,"y":453,"height":41,"name":"mecha_2903_folder/forearm_l","x":412},{"width":31,"y":685,"height":32,"name":"mecha_2903_folder/textures/upperarm_l_2","x":292},{"width":57,"y":713,"height":25,"name":"mecha_2903_folder/hand_l","x":1},{"width":38,"y":631,"height":14,"name":"mecha_2903_folder/textures/hand_l_1_0","x":465},{"width":59,"y":679,"height":18,"name":"mecha_2903_folder/textures/thigh_l_f_0","x":425},{"width":55,"y":479,"height":15,"name":"mecha_2903_folder/thigh_l_m","x":353},{"width":52,"y":327,"height":17,"name":"mecha_2903_folder/textures/thigh_l_b_1","x":331},{"width":52,"y":641,"height":28,"name":"mecha_2903_folder/textures/tail9_1","x":76},{"width":27,"y":805,"height":25,"name":"mecha_2903_folder/textures/tail8_1","x":71},{"width":28,"y":805,"height":23,"name":"mecha_2903_folder/textures/tail7_1","x":129},{"width":28,"y":847,"height":22,"name":"mecha_2903_folder/textures/tail6_1","x":1},{"width":33,"y":805,"height":21,"name":"mecha_2903_folder/textures/tail5_1","x":36},{"width":34,"y":453,"height":22,"name":"mecha_2903_folder/tail4","x":255},{"width":31,"y":781,"height":23,"name":"mecha_2903_folder/tail3","x":159},{"width":31,"y":734,"height":26,"name":"mecha_2903_folder/tail2","x":204},{"width":35,"y":703,"height":29,"name":"mecha_2903_folder/tail1","x":206},{"width":33,"y":630,"height":33,"name":"mecha_2903_folder/tail","x":355},{"width":62,"y":392,"height":56,"name":"mecha_2903_folder/pelvis","x":408},{"width":103,"y":1,"height":78,"name":"mecha_2903_folder/chest","x":402},{"width":60,"y":287,"height":69,"name":"mecha_2903_folder/neck","x":269},{"width":48,"y":301,"height":38,"name":"mecha_2903_folder/head","x":78},{"width":118,"y":218,"height":67,"name":"mecha_2903_folder/weapon","x":269},{"width":44,"y":699,"height":24,"name":"mecha_2903_folder/textures/thigh_r_b_1","x":415},{"width":38,"y":828,"height":17,"name":"mecha_2903_folder/textures/thigh_r_m_0","x":1},{"width":39,"y":765,"height":18,"name":"mecha_2903_folder/textures/thigh_r_f_2","x":34},{"width":39,"y":662,"height":29,"name":"mecha_2903_folder/textures/upperarm_r_0","x":130},{"width":75,"y":346,"height":51,"name":"mecha_2903_folder/forearm_r","x":331},{"width":38,"y":728,"height":17,"name":"mecha_2903_folder/textures/hand_r_1_0","x":455},{"width":59,"y":387,"height":26,"name":"mecha_2903_folder/textures/hand_r_0","x":116},{"width":97,"y":556,"height":24,"name":"mecha_2903_folder/calf_r_b","x":329},{"width":96,"y":496,"height":28,"name":"mecha_2903_folder/calf_r_m","x":141},{"width":95,"y":520,"height":28,"name":"mecha_2903_folder/calf_r_f","x":1},{"width":94,"y":580,"height":26,"name":"mecha_2903d_folder/textures/calf_l_f_1","x":1},{"width":83,"y":509,"height":32,"name":"mecha_2903d_folder/calf_l_m","x":239},{"width":88,"y":526,"height":30,"name":"mecha_2903d_folder/calf_l_b","x":98},{"width":82,"y":399,"height":40,"name":"mecha_2903d_folder/forearm_l","x":304},{"width":31,"y":731,"height":32,"name":"mecha_2903d_folder/textures/upperarm_l_2","x":60},{"width":108,"y":351,"height":34,"name":"mecha_2903d_folder/hand_l","x":78},{"width":76,"y":611,"height":17,"name":"mecha_2903d_folder/textures/hand_l_1_0","x":314},{"width":59,"y":665,"height":18,"name":"mecha_2903d_folder/textures/thigh_l_f_0","x":308},{"width":55,"y":719,"height":15,"name":"mecha_2903d_folder/thigh_l_m","x":243},{"width":52,"y":728,"height":17,"name":"mecha_2903d_folder/textures/thigh_l_b_1","x":325},{"width":52,"y":632,"height":28,"name":"mecha_2903d_folder/textures/tail9_1","x":154},{"width":43,"y":119,"height":79,"name":"mecha_2903d_folder/textures/tail8_1","x":115},{"width":36,"y":272,"height":68,"name":"mecha_2903d_folder/textures/tail7_1","x":465},{"width":34,"y":392,"height":56,"name":"mecha_2903d_folder/textures/tail6_1","x":472},{"width":36,"y":638,"height":46,"name":"mecha_2903d_folder/textures/tail5_1","x":1},{"width":34,"y":453,"height":22,"name":"mecha_2903d_folder/tail4","x":65},{"width":38,"y":677,"height":27,"name":"mecha_2903d_folder/tail3","x":252},{"width":37,"y":632,"height":33,"name":"mecha_2903d_folder/tail2","x":208},{"width":41,"y":586,"height":38,"name":"mecha_2903d_folder/tail1","x":434},{"width":41,"y":526,"height":45,"name":"mecha_2903d_folder/tail","x":195},{"width":169,"y":1,"height":116,"name":"mecha_2903d_folder/textures/tail10_3","x":1},{"width":74,"y":272,"height":72,"name":"mecha_2903d_folder/pelvis","x":389},{"width":116,"y":114,"height":102,"name":"mecha_2903d_folder/chest","x":287},{"width":113,"y":1,"height":112,"name":"mecha_2903d_folder/neck","x":172},{"width":48,"y":496,"height":38,"name":"mecha_2903d_folder/head","x":438},{"width":44,"y":699,"height":24,"name":"mecha_2903d_folder/textures/thigh_r_b_1","x":461},{"width":38,"y":725,"height":17,"name":"mecha_2903d_folder/textures/thigh_r_m_0","x":415},{"width":39,"y":785,"height":18,"name":"mecha_2903d_folder/textures/thigh_r_f_2","x":1},{"width":39,"y":693,"height":29,"name":"mecha_2903d_folder/textures/upperarm_r_0","x":130},{"width":87,"y":161,"height":53,"name":"mecha_2903d_folder/forearm_r","x":405},{"width":75,"y":616,"height":23,"name":"mecha_2903d_folder/textures/hand_r_1_0","x":77},{"width":113,"y":218,"height":52,"name":"mecha_2903d_folder/textures/hand_r_0","x":389},{"width":115,"y":450,"height":27,"name":"mecha_2903d_folder/calf_r_b","x":295},{"width":114,"y":391,"height":31,"name":"mecha_2903d_folder/calf_r_m","x":188},{"width":111,"y":420,"height":31,"name":"mecha_2903d_folder/calf_r_f","x":1},{"width":82,"y":556,"height":28,"name":"mecha_2903b_folder/textures/calf_l_f_1","x":428},{"width":74,"y":354,"height":28,"name":"mecha_2903b_folder/calf_l_m","x":1},{"width":76,"y":605,"height":25,"name":"mecha_2903b_folder/calf_l_b","x":175},{"width":75,"y":453,"height":41,"name":"mecha_2903b_folder/forearm_l","x":178},{"width":31,"y":740,"height":32,"name":"mecha_2903b_folder/textures/upperarm_l_2","x":1},{"width":57,"y":686,"height":25,"name":"mecha_2903b_folder/hand_l","x":1},{"width":38,"y":753,"height":14,"name":"mecha_2903b_folder/textures/hand_l_1_0","x":237},{"width":59,"y":637,"height":18,"name":"mecha_2903b_folder/textures/thigh_l_f_0","x":247},{"width":55,"y":736,"height":15,"name":"mecha_2903b_folder/thigh_l_m","x":243},{"width":52,"y":336,"height":17,"name":"mecha_2903b_folder/textures/thigh_l_b_1","x":209},{"width":52,"y":701,"height":28,"name":"mecha_2903b_folder/textures/tail9_1","x":76},{"width":27,"y":805,"height":25,"name":"mecha_2903b_folder/textures/tail8_1","x":100},{"width":28,"y":828,"height":23,"name":"mecha_2903b_folder/textures/tail7_1","x":41},{"width":27,"y":744,"height":22,"name":"mecha_2903b_folder/textures/tail6_1","x":419},{"width":33,"y":805,"height":21,"name":"mecha_2903b_folder/textures/tail5_1","x":1},{"width":34,"y":756,"height":22,"name":"mecha_2903b_folder/tail4","x":126},{"width":31,"y":780,"height":23,"name":"mecha_2903b_folder/tail3","x":126},{"width":31,"y":697,"height":26,"name":"mecha_2903b_folder/tail2","x":171},{"width":35,"y":725,"height":29,"name":"mecha_2903b_folder/tail1","x":167},{"width":33,"y":662,"height":33,"name":"mecha_2903b_folder/tail","x":171},{"width":62,"y":420,"height":56,"name":"mecha_2903b_folder/pelvis","x":114},{"width":103,"y":81,"height":78,"name":"mecha_2903b_folder/chest","x":405},{"width":112,"y":119,"height":97,"name":"mecha_2903b_folder/neck","x":1},{"width":48,"y":296,"height":38,"name":"mecha_2903b_folder/head","x":209},{"width":133,"y":218,"height":76,"name":"mecha_2903b_folder/weapon","x":134},{"width":44,"y":683,"height":24,"name":"mecha_2903b_folder/textures/thigh_r_b_1","x":369},{"width":38,"y":747,"height":17,"name":"mecha_2903b_folder/textures/thigh_r_m_0","x":300},{"width":39,"y":765,"height":18,"name":"mecha_2903b_folder/textures/thigh_r_f_2","x":75},{"width":39,"y":630,"height":29,"name":"mecha_2903b_folder/textures/upperarm_r_0","x":314},{"width":75,"y":301,"height":51,"name":"mecha_2903b_folder/forearm_r","x":1},{"width":38,"y":763,"height":17,"name":"mecha_2903b_folder/textures/hand_r_1_0","x":379},{"width":59,"y":609,"height":26,"name":"mecha_2903b_folder/textures/hand_r_0","x":253},{"width":97,"y":530,"height":24,"name":"mecha_2903b_folder/calf_r_b","x":329},{"width":96,"y":479,"height":28,"name":"mecha_2903b_folder/calf_r_m","x":255},{"width":95,"y":550,"height":28,"name":"mecha_2903b_folder/calf_r_f","x":1},{"width":95,"y":558,"height":26,"name":"mecha_2903c_folder/textures/calf_l_f_1","x":98},{"width":83,"y":496,"height":32,"name":"mecha_2903c_folder/calf_l_m","x":353},{"width":88,"y":543,"height":30,"name":"mecha_2903c_folder/calf_l_b","x":239},{"width":74,"y":478,"height":40,"name":"mecha_2903c_folder/forearm_l","x":65},{"width":31,"y":731,"height":32,"name":"mecha_2903c_folder/textures/upperarm_l_2","x":93},{"width":76,"y":586,"height":28,"name":"mecha_2903c_folder/hand_l","x":97},{"width":76,"y":536,"height":17,"name":"mecha_2903c_folder/textures/hand_l_1_0","x":428},{"width":59,"y":657,"height":18,"name":"mecha_2903c_folder/textures/thigh_l_f_0","x":247},{"width":55,"y":200,"height":15,"name":"mecha_2903c_folder/thigh_l_m","x":115},{"width":52,"y":709,"height":17,"name":"mecha_2903c_folder/textures/thigh_l_b_1","x":361},{"width":52,"y":671,"height":28,"name":"mecha_2903c_folder/textures/tail9_1","x":76},{"width":35,"y":638,"height":46,"name":"mecha_2903c_folder/textures/tail8_1","x":39},{"width":33,"y":586,"height":43,"name":"mecha_2903c_folder/textures/tail7_1","x":477},{"width":32,"y":626,"height":38,"name":"mecha_2903c_folder/textures/tail6_1","x":431},{"width":37,"y":611,"height":35,"name":"mecha_2903c_folder/textures/tail5_1","x":392},{"width":34,"y":685,"height":29,"name":"mecha_2903c_folder/tail4","x":325},{"width":31,"y":756,"height":23,"name":"mecha_2903c_folder/tail3","x":162},{"width":31,"y":762,"height":26,"name":"mecha_2903c_folder/tail2","x":204},{"width":35,"y":725,"height":29,"name":"mecha_2903c_folder/tail1","x":130},{"width":33,"y":648,"height":33,"name":"mecha_2903c_folder/tail","x":390},{"width":62,"y":453,"height":56,"name":"mecha_2903c_folder/pelvis","x":1},{"width":111,"y":115,"height":101,"name":"mecha_2903c_folder/chest","x":172},{"width":113,"y":1,"height":111,"name":"mecha_2903c_folder/neck","x":287},{"width":48,"y":287,"height":38,"name":"mecha_2903c_folder/head","x":331},{"width":131,"y":218,"height":81,"name":"mecha_2903c_folder/weapon","x":1},{"width":44,"y":677,"height":24,"name":"mecha_2903c_folder/textures/thigh_r_b_1","x":206},{"width":38,"y":744,"height":17,"name":"mecha_2903c_folder/textures/thigh_r_m_0","x":379},{"width":39,"y":785,"height":18,"name":"mecha_2903c_folder/textures/thigh_r_f_2","x":75},{"width":39,"y":648,"height":29,"name":"mecha_2903c_folder/textures/upperarm_r_0","x":465},{"width":73,"y":296,"height":53,"name":"mecha_2903c_folder/forearm_r","x":134},{"width":75,"y":586,"height":23,"name":"mecha_2903c_folder/textures/hand_r_1_0","x":357},{"width":79,"y":346,"height":44,"name":"mecha_2903c_folder/textures/hand_r_0","x":408},{"width":115,"y":424,"height":27,"name":"mecha_2903c_folder/calf_r_b","x":178},{"width":114,"y":358,"height":31,"name":"mecha_2903c_folder/calf_r_m","x":188},{"width":113,"y":387,"height":31,"name":"mecha_2903c_folder/calf_r_f","x":1}],"width":512,"height":1024,"name":"mecha_2903","imagePath":"mecha_2903_tex.png"}